race,start,event,bow_board,lane,boat,rerig,composite,crew,cox
2,09:40 am,2. U21 Women's 8+. U21 W 8+,B,2,The Plank,,,ridie Woolle,
7,10:10 am,4. Under 19 Men's Coxed Four. U19 M 4+,G,3,Clemes,,,alum Johnso,
7,10:10 am,4. Under 19 Men's Coxed Four. U19 M 4+,G,4,James Bennett,,,harlie Mitchel,
12,10:40 am,6. Under 19 Women's Pair. U19 W 2-,L,2,Dianna Wilson,,,"owell-Davies,Nati",
25,12:52 pm,15. Under 19 Women's Coxed Quad Scull. U19 W 4X+,Y,2,James Bennett,rerig,,ridie Woolle,
25,12:52 pm,15. Under 19 Women's Coxed Quad Scull. U19 W 4X+,Y,4,Clemes,rerig,,arah Wilco,
43,03:26 pm,27. Under 19 Men's Double Scull. U19 M 2X,Q,5,Dianna Wilson,rerig,,"ackham,Ballar",
44,03:36 pm,28. Under 17 Women's Coxed Quad Scull 1000m. U17 W 4X+ 1000,R,8,James Bennett,,,lla Newma,
49,04:07 pm,34. Senior Men's Eight. S M 8+,W,2,The Plank,,,alum Johnso,
